name,team_home,attack,defense,fitness,versatile,setpieces,Score
"Jones, DeJuan",New England Revolution,0.909041762958072,0.8115803554038263,0.9946351931330473,0.9866962305986696,0.43951612903225806,0.8577349100982716
"Wagner, Kai",Philadelphia Union,0.8510131231429515,0.8570304733187124,1.0,0.4678492239467849,0.935483870967742,0.8527463884299518
"Dajome, Cristián",Vancouver Whitecaps FC,0.9118252723671179,0.7751330806585601,0.9731759656652361,0.5920177383592018,0.725,0.8324244728766708
"Morgan, Lewis",Inter Miami,0.832248679432156,0.7388548187218082,0.990343347639485,0.9401330376940134,0.6774193548387097,0.8311549582273585
"Þórarinsson, Guðmundur",New York City FC,0.8515681743149555,0.8441875525402036,0.9291845493562232,0.6297117516629712,0.6975806451612903,0.8272928676102185
